index,url,username,password
0,https://panel.rasbyte.net/auth/login,Solar,N8LRaH5NhqyQ7Sc
1,https://aim400kg.com/ru/register/confirm/4e5a2214c45aa9662eba46a35fcea7afdefd85a72c5280bb25ad32b5db4e,dimon1511,35391
2,https://developer.clashofclans.com/,dimonzemlia@gmail.com,353510gg
3,https://login.qt.io/login,dimonzemlia@gmail.com,Dima2008dima
4,https://4pda.to/forum/index.php,Solaree,353510gg
6,https://my.freenom.com/dologin.php,dimonzemlia@gmail.com,353510gg
7,https://school.angstremua.com/,zemlin_dmytro,ENH7Jhmd
9,https://windscribe.com/signup,dumin,"-Gy-,cL3tYH@8_T"
11,https://discord.com/login,bombadbasket+4@gmail.com,loxlox123!@#
18,https://discord.com/login,pikabottt@gmail.com,353510gg
22,https://discord.com/channels/@me/1038457912894435348,dimazemlin15@gmail.com,Dima2008dima
26,https://id.unity.com/ru/conversations/ff815525-211e-40cd-ad5c-2d99742bb7dd009f,dimonzemlia@gmail.com,Dima2008dima
29,https://auth0.openai.com/u/login/password,dimonzemlia@gmail.com,Dima2008dima
31,https://discord.com/channels/@me/1041770305158393916,cracked by terra,iamhaccer123
32,https://discord.com/login,dimazemlinze@gmail.com,353510gg
33,https://store.steampowered.com/login/,dmitryzemlin,Dimazemlin15112008
34,https://windscribe.com/signup,FutureKingOppressor,"$Kb,EF-Vwjq2Fc_"
36,https://github.com/session,dimonzemlia@gmail.com,353510gg
37,https://discord.com/channels/1044853466536869930/1083678158240362496,bombadbasket+228335@gmail.com,loxlox123!@#
38,https://discord.com/channels/@me,bravlertopze@gmail.com,Dima2008dima
39,https://store.steampowered.com/login/,DmitryZemlin,)mz?@yf4N/W5fbU
41,https://rutracker.org/forum/profile.php,kitenokgene,353510gg
42,https://panel.danbot.host/auth/login,Solaree,FXYK6RP7MR
46,https://my.101domain.ua/dQBkAQAQAAJbH7EKRNBpWqZXWiChipfzseYCkFtF6H5ERHWIN3QMXVOIkYZtzvBNNj0aklJNGnHDXlr9O39r9IkAZ5x6i6orfG_pEDbqTxlHmbHR6l/CI.xml,dimonzemlia@gmail.com,353510gg
47,http://cpanel.byethost.com/login.php,b12_33222464,353510gg
48,javascript:;,salina2672@gmail.com,"!;fy$iH8:,-zK53"
49,https://discord.com/channels/@me,bombadbasket+5@gmail.com,loxlox123!@#
51,https://iosgods.com/register/,SolaRe,Dima2008dima
52,https://accounts.google.com/signin/v2/challenge/password/empty,dmitrozemlin,Dima2006dima
54,https://m.facebook.com/login/device-based/regular/login/,dmitryzemlin@gmail.com,10293847
55,https://www.bitmoji.com/sign-up/,dimonzemlia@gmail.com,Dima2008dima
56,https://discord.com/channels/@me/1046691239652769794,qacizadenesib@gmail.com,alimilam1
58,https://discord.com/channels/@me/1046019381211181066,bsdev1337,alimilam1
59,https://dash.cloudflare.com/login,dimonzemlia@gmail.com,loxlox123!@#
60,https://discord.com/channels/1044853466536869930/1059092683752214559,bombadbasket+7@gmail.com,loxlox123!@#
61,https://webftp.6te.net/index.php,www.solhacccc.ga,353510gg
64,https://developer.brawlstars.com/,dimonzemlia@gmail.com,Dima2008dima
66,https://pastebin.com/signup,solardev,Dima2008dima
67,https://discord.com/channels/1044853466536869930/1044855978241294458,dimonzemlia+3@gmail.com,353510gg
68,https://discord.com/login,bombadbasket+8@gmail.com,loxlox123!@#
70,https://discord.com/login,plasmafan123@gmail.com,iamhaccer123
73,https://discord.com/channels/@me,bombadbasket+3@gmail.com,loxlox123!@#
76,https://4pda.to/forum/index.php,SolarDev,353510gg
77,https://ctl.ssh.surf/,SSH7248134143235,6459175832658
81,https://my.freenom.com/dologin.php,yershikbomsh@gmail.com,353510gg
82,https://mail.ssh.surf/,ssh7248134143235@dlinux.mail,oydgttxo
83,https://zone457.ru/,dimochkaa,4ukAsmEFL3LHV52
84,https://discord.com/channels/@me,bombadbasket+9@gmail.com,353510gg
86,https://developer.clashroyale.com/,dimonzemlia@gmail.com,353510gg
88,https://doms.freewha.com/freewha.cpanel,www.solhacccc.ga,353510gg
90,https://discord.com/channels/863060364999262248/881609038004125756,bombadbasket+6@gmail.com,loxlox123!@#
91,https://login.yahoo.com/account/create,RE,Dima2008dima
93,https://www.npmjs.com/signup,vixy,"vcx/B*d6UbW)(,W"
97,https://login.oracle.com/oam/server/sso/auth_cred_submit,dimonzemlia@gmail.com,ehpu/:B8_Zad8Ne
99,https://passport.yandex.ru/profile/complete/submit,zemlindimitri,353510gg
100,https://account.mongodb.com/account/login,dimonzemlia@gmail.com,Dima2008dima
103,https://lms.ithillel.ua/,salina2672@gmail.com,Dima15112008
106,https://app.infinityfree.net/register,dimonzemlia@gmail.com,353510gg
107,https://id.vk.com/auth,+38068 592 1710,353510gg
110,https://ctl.ssh.surf/,SSH56938936543706,4695892917725
111,https://forum.xda-developers.com/register/register,solardev,Dima2008dima
112,https://discord.com/login,dimonzemlia@gmail.com,Dima2008dima
116,https://discord.com/channels/1045573075904757771/1055909076023914606,bull34rank@gmail.com,353510gg
118,https://windscribe.com/signup,t1me,353910gg
119,https://forum.xda-developers.com/register/register,Solar <3,Dima2008dima
120,https://www.instagram.com/accounts/emailsignup/,dimaa, 353510j
121,https://discord.com/channels/822510988409831486/onboarding,bombadbasket+20@gmail.com,loxlox123!@#
123,https://mixdrop.ru/reg,dimazemlin,4aS4YEQYC.t8XJX
124,https://accounts.nintendo.com/register/email_opt_in_form,dimonzemlia@gmail.com,gtafivevD
125,https://dribbble.com/signup,Dima,Y]vR9p@q(AA%i9W
128,https://client.rasbyte.net/register,Solar,N8LRaH5NhqyQ7Sc
129,https://discord.com/channels/1059419286797561946/1059419286973722642,bombadbasket+1111111@gmail.com,loxlox123!@#
131,https://login.yahoo.com/account/create,solaryeee,hUpxDp6Z)%N8&br
135,https://github.com/signup,97TeaM,353510gg
137,https://users.wix.com/signin,dmitrozemlin@gmail.com,353510gg
139,https://ctl.ssh.surf/,SSH68711447776713,6472067393414
141,https://profile.oracle.com/myprofile/account/create-account.jspx,dimonzemlia@gmail.com,ehpu/:B8_Zad8Ne
143,javascript:;,salina2672@gmail.com,"!;fy$iH8:,-zK53"
145,https://crackmes.one/register,solardev,353510gg
146,https://discord.com/login,dimamora03@gmail.com,Dima2008dima
147,https://giphy.com/login,solardev,353510gg
148,https://discord.com/login,bombadbasket+19@gmail.com,353510gg
152,https://code-basics.com/ru/session,dimonzemlia@gmail.com,353510gg
153,https://accounts.google.com/signin/v2/challenge/password/empty,dimazemlin15,353510gg
155,https://discord.com/channels/@me/1074735722541633576,dimag44444@gmail.com,Dima2008dima
156,https://www.htcdev.com/,Solar,Dima2008dima
158,https://doms.freewha.com/cgi-bin/create_ini.cgi,dimonzemlia@gmail.com,353510gg
159,https://discord.com/channels/1044853466536869930/1044855978241294458,bombadbasket+7777@gmail.com,loxlox123!@#
160,https://accounts.nintendo.com/register_child,g0000000001,123456789Gg
164,https://www.twirpx.com/private/signup/,dimonzemlia@gmail.com,FLKJ!$V2W*f7bkV
166,https://intake.tukenya.ac.ke/index.php,dimonzemlia@gmail.com,Dima2008dima
169,https://en.wikipedia.org/w/index.php,Solareee,Dima2008dima
170,https://profile.w3schools.com/log-in,dimonzemlia@gmail.com,Dima2008dima!
171,https://accounts.zoho.euaccounts/webclient/v1/register/field/validate,dimonzemlia@gmail.com,Dima2008dima
172,https://account.mongodb.com/account/register,yershikbomsh@gmail.com,Dima2008dima
173,https://api-ninjas.com/register,dimonzemlia@gmail.com,U9pWiKWpBFD@pAq
174,https://ifastnet.com/register2.php,yershikbomsh@gmail.com,353510gg
177,https://account.cccmypath.org/auth/realms/OpenCCC/login-actions/authenticate,dimonzemlia@gmail.com,Dima2008dima!
178,https://accounts.google.com/signin/v2/challenge/password/empty,dimonzemlia@gmail.com,Dima2008dima
179,https://panel.artiom.host/auth/login,Sol,A9ZTMKBTQP
180,https://passport.yandex.ru/registration,dimitri.zemlin,5+QXj9w*8KpQMf8
184,https://spcs.social/registration/loginform/,dimonzemlia@gmail.com,35141v
185,https://my.freenom.com/cart.php,Kharhov,353510gg
187,https://accounts.google.com/signin/v2/challenge/password/empty,salina2672@gmail.com,Ninagnipa49
188,https://discord.com/channels/@me,dimonzemlia+4@gmail.com,353510gg
189,https://m.facebook.com/login/device-based/login/async/,dimonzemlia@gmail.com,353910
191,https://opengameart.org/art-search-advanced,Hillel_C2,Hillel_2020
192,https://www.instagram.com/,+380685921710,dima2001
193,https://hex-rays.com/cgi-bin/quote.cgi/register,dimonzemlia@gmail.com,353910gg
194,javascript:;,Землин,"!;fy$iH8:,-zK53"
197,https://www.reddit.com/login,theesolar,353910gg
199,https://mystat.itstep.org/,Zeml_p6lp,283Du61K
201,https://dribbble.com/signup,dimonzemlia@gmail.com,Dima200815
202,http://www.gtafans.ru/user/login,dimonzemlia@gmail.com,gtafivev
208,https://secure.soundcloud.com/web-auth,dimazemlin15@gmail.com,353510gg
210,https://accounts.ukr.net/registration,SPIKEER,3g8mVgFQbUD9p7U
211,https://letpy.com/,dimonzemlia@gmail.com,353510пп
212,https://accounts.binance.com/ru-UA/register-credential-setup,dimonzemlia@gmail.com,Dima2008dima
215,https://steamcommunity.com/login/home/,dmitryzemlin,Dima2008dima
217,https://identity.telerik.com/,dimonzemlia@gmail.com,Dima2008dima
218,https://goregrish.com/login/login,dimonzemlia@gmail.com,Dima2008dima
219,https://xn--meg-cla.com/_login/index,dimonzemlia@gmail.com,Dima2008dima
220,https://673u.com/,EFESAQJNZvg@iyouli.cnGMX18zrb,Dima2006dima
221,https://673u.com/,EFESAQJNZvg@iyouli.cn,Dima2006dima
222,https://login.web.money/GateKeeper/Password/03315187-9560-4636-a9a4-34c60e55df6d.aspx,+380685921710,353510
223,https://www.piecex.com/Users/verify_login,dimonzemlia@gmail.com,Dima2008dima
224,https://freelance.habr.com/users,solar-re,Dima2008dima
225,https://www.noip.com/sign-up,dimonzemlia@gmail.com,Dima2008dima
226,https://windscribe.com/forgotpassword/resetpassword/p5d942wx/o008gg0cs4sksss080c88ow4s8w0gkk8,HappyBabyLegislator,Dima2008dima
227,https://www.epicgames.com/id/login/epic,dimonzemlia@gmail.com,dima2008
229,https://www.swagbucks.com/,dimonzemlia@gmail.com,WzvF4f@%L%!sBJF
230,https://www.ysense.com/,dimonzemlia@gmail.com,Dima2008dima
232,https://www.nicehash.com/my/register,dimonzemlia@gmail.com,AjQ+6#u_q7mV#++
233,https://home.easymining.pro/register,solarnik,JaG!R3Rw@VH5r*D
0,https://github.com/session,dimonzemlia@gmail.com,353510gg
1,https://login.live.com/ppsecure/post.srf,dimonzemlia@gmail.com,353510gg
1,https://www.paypal.com/signin,dimonzemlia@gmail.com,Dima2008dima
